checked_on,youtube_id,days_live,views,engaged_views,hook_hold,avg_view_duration_s,avg_view_pct,likes,comments,shares,subs_gained
2026-10-03,eQS8gtimpvA,2,732,347,0.47,33,59.29,9,3,1,0
2026-10-03,YrD3-RjdX58,1,5,4,0.80,19,37.91,0,0,0,0
2026-10-03,KVKRfzUtTE8,1,2,2,1.00,33,62.01,0,0,0,0
2026-10-04,YrD3-RjdX58,2,1362,561,0.41,33,65.07,18,0,0,2
2026-10-04,eQS8gtimpvA,3,931,449,0.48,33,59.45,9,3,1,1
2026-10-04,KVKRfzUtTE8,2,90,44,0.49,30,56.28,3,0,1,1
2026-10-04,r92Byr0zgdQ,1,2,1,0.50,52,110.34,0,0,0,0
2026-10-05,YrD3-RjdX58,3,1395,578,0.41,33,65.23,18,0,0,2
2026-10-05,eQS8gtimpvA,4,1015,491,0.48,33,59.97,9,3,1,1
2026-10-05,KVKRfzUtTE8,3,133,68,0.51,28,53.60,3,0,1,1
2026-10-05,r92Byr0zgdQ,2,82,35,0.43,33,68.84,0,0,0,0
2026-10-06,YrD3-RjdX58,4,1445,603,0.42,33,65.65,18,0,1,2
2026-10-06,gaTzSWBn-dA,2,1095,322,0.29,25,49.14,7,1,0,0
2026-10-06,eQS8gtimpvA,5,1025,496,0.48,33,60.21,9,3,1,1
2026-10-06,KVKRfzUtTE8,4,156,79,0.51,28,52.28,3,0,1,1
2026-10-06,r92Byr0zgdQ,3,137,61,0.45,35,73.33,1,0,0,0
2026-10-06,Vew58AvSCqw,1,1,1,1.00,9,11.20,0,0,0,0
2026-10-06,R-daCCuG7e0,1,0,0,,0,0.00,0,0,0,0
