date,call,ok
2026-10-07,analytics per-video totals,yes
2026-10-07,commentThreads,yes
2026-10-07,retention R-daCCuG7e0,yes
2026-10-07,retention Vew58AvSCqw,yes
2026-10-07,retention zPGqWMiqTHc,yes
2026-10-07,videos statistics (task limit),no
2026-10-07,videos statistics retry (task limit),no
2026-10-07,videos status check (task limit),no
2026-10-07,videos status check (connection lost),no
2026-10-07,videos status check (task limit),no
2026-10-08,upload password-length (task limit),no
2026-10-09,upload roulette-edge (task limit),no
2026-10-10,upload qr-torn (M3rmRETDAA8),yes
2026-10-10,commentThreads,yes
2026-10-10,upload true-hit (UOAZvsmDHTM),yes
